{
  "window_size": 24,
  "horizon": 1,
  "forecast_steps": 6,
  "features": [
    "HR",
    "MAP",
    "SpO2"
  ],
  "baseline_last_value": {
    "mae_per_step": [
      0.09220489114522934,
      0.13223831355571747,
      0.1610078662633896,
      0.18747574090957642,
      0.2086458057165146,
      0.22753579914569855
    ],
    "rmse_per_step": [
      0.1181957796216011,
      0.16659915447235107,
      0.2026984542608261,
      0.23363137245178223,
      0.2603952884674072,
      0.28539130091667175
    ],
    "mae_per_feature": [
      0.16690756380558014,
      0.15791568160057068,
      0.1797313541173935
    ],
    "rmse_per_feature": [
      0.21610496938228607,
      0.20512814819812775,
      0.23355050384998322
    ],
    "mae_mean": 0.16818474233150482,
    "rmse_mean": 0.21115189790725708
  },
  "lstm": {
    "mae_per_step": [
      0.19765016436576843,
      0.22160986065864563,
      0.24059022963047028,
      0.2592831552028656,
      0.2760877311229706,
      0.2915007770061493
    ],
    "rmse_per_step": [
      0.25568118691444397,
      0.2847711741924286,
      0.3064853847026825,
      0.33005058765411377,
      0.3512307405471802,
      0.3716469407081604
    ],
    "mae_per_feature": [
      0.2492942214012146,
      0.25501441955566406,
      0.23905283212661743
    ],
    "rmse_per_feature": [
      0.32135847210884094,
      0.32910701632499695,
      0.3063108026981354
    ],
    "mae_mean": 0.2477869987487793,
    "rmse_mean": 0.3166443407535553
  },
  "history_last": {
    "loss": 0.11380341649055481,
    "mae": 0.2325506955385208,
    "val_loss": 0.1330076903104782,
    "val_mae": 0.2466590851545334
  },
  "n_windows": {
    "train": 5096,
    "val": 1092,
    "test": 1092
  }
}
