{
  "type": "zscore",
  "feature_stats": {
    "HR": {
      "mean": 78.57788529183779,
      "std": 9.957289854146715
    },
    "MAP": {
      "mean": 74.929319654072,
      "std": 7.427120741092626
    },
    "SpO2": {
      "mean": 96.22256460254334,
      "std": 2.3972881631625618
    }
  },
  "train_medians": {
    "HR": 79.2217265059999,
    "MAP": 74.81975544164267,
    "SpO2": 96.21478057281202
  },
  "feature_cols": [
    "HR",
    "MAP",
    "SpO2"
  ]
}